Question,Correct Answer,Generated Answer,Prompt Tokens,Completion Tokens,Total Tokens,Execution Time (ms)
¿Qué es la Tarjeta de Control de Tránsito?,"La Tarjeta de Control de Tránsito (TCT) es un requisito obligatorio para todas las personas que desean visitar la provincia de Galápagos, ya sea como turistas o transeúntes. Es una medida de control migratorio que debe presentarse tanto al ingreso como a la salida de la provincia.","La Tarjeta de Control de Tránsito es un documento emitido por el INGALA que deben obtener todas las personas que ingresen a la provincia de Galápagos en calidad de turista o transeúnte.

Es obligatoria y debe exhibirse al presentar solicitudes ante instituciones públicas o privadas. Al abandonar la provincia, se debe entregar la tarjeta a los funcionarios del INGALA en los puertos aéreos o marítimos.

El Comité de Calificación y Control de Residencia del INGALA establece el contenido, requisitos y procedimiento de entrega de esta tarjeta.",4067,698,4765,23946
¿Quiénes deben obtener la Tarjeta de Control de Tránsito?,"Toda persona que desee ser admitida en la provincia de Galápagos como turista o transeúnte debe contar con el documento de control de tránsito, emitido por el Consejo de Gobierno de Régimen Especial de Galápagos (Art. 44 de la LOREG).","Según la normativa, toda persona que ingrese a la provincia de Galápagos en calidad de turista o transeúnte debe contar con la tarjeta de control de tránsito emitida por el INGALA.

Esta tarjeta debe exhibirse al presentar solicitudes ante instituciones públicas o privadas con finalidad social o pública. De no hacerlo, no serán atendidos.

Al abandonar la provincia, el turista o transeúnte debe entregar su tarjeta de control de tránsito al funcionario del INGALA en los puertos aéreos o marítimos.",4686,594,5280,26432
¿Cuáles son los requisitos para ingresar a Galápagos como turista?,"Los turistas deben presentar identificación personal vigente (cédula o pasaporte), pasaje aéreo de ida y regreso que no exceda los 60 días, cancelar la tasa TCT de $20,00 y tener días disponibles de turista.","Para ingresar a Galápagos como turista necesitas:

1. Identificación personal o pasaporte
2. Pasaje aéreo o marítimo nacional, personal e intransferible, de ida y regreso entre el continente y Galápagos
3. Tarjeta de control de tránsito emitida por el Consejo de Gobierno de Régimen Especial de Galápagos

El turista debe contar con una reservación en documento de control de tránsito. Al abandonar la provincia, debes entregar la tarjeta de control de tránsito al funcionario del INGALA en los puertos aéreos o marítimos.",6858,680,7538,29204
¿Cuántos días puedo permanecer en Galápagos como turista?,"El turista puede permanecer hasta 60 días improrrogables por año en la provincia de Galápagos, contados desde la fecha de su primer ingreso.","Como turista, puedes permanecer en la provincia de Galápagos hasta por 60 días improrrogables en el año.

Los transeúntes (que incluyen profesionales, deportistas y artistas) tienen un plazo máximo de 90 días dentro de un año calendario, ya sea en una o varias visitas.",3946,351,4297,23462
¿Qué sucede si excedo los 60 días permitidos como turista?,"El turista que exceda el límite de 60 días será considerado en situación irregular, se iniciará un proceso administrativo sancionatorio y podrá ser expulsado de la provincia con apoyo de la Policía Nacional.","Según la normativa, los turistas pueden permanecer en Galápagos hasta por 60 días improrrogables en el año.

Si excedes este tiempo, se considera permanencia irregular. Esto conlleva una sanción de multa entre 16 a 30 remuneraciones básicas unificadas que se pagan en la provincia de Galápagos.

Adicionalmente, existe la obligación de salir del archipiélago dentro de las 48 horas siguientes a la notificación.",6817,632,7449,30374
¿Qué actividades están permitidas para los turistas?,"Los turistas solo pueden visitar las áreas naturales protegidas y zonas pobladas, sin realizar actividades lucrativas dentro de ellas.","Basándome en la información disponible:

Los turistas pueden visitar las áreas naturales protegidas y zonas pobladas de Galápagos, pero no pueden realizar actividades lucrativas dentro de estas áreas. 

Los turistas pueden permanecer en la provincia de Galápagos hasta por 60 días improrrogables en el año.

Para visitar las áreas naturales protegidas, generalmente se requiere guianza autorizada, aunque hay excepciones para sitios de alta visitación que no necesitan guianza ni autorización según el Plan de Manejo Ambiental.

La Dirección del Parque Nacional Galápagos autoriza las actividades turísticas en las áreas naturales protegidas mediante permisos específicos.",6597,624,7221,29800
¿Dónde realizo el pre-registro si voy a viajar como turista?,El pre-registro debe realizarse en línea antes del viaje para agilitar el trámite en el aeropuerto.,"No tengo información sobre dónde realizar el pre-registro para turistas en el documento consultado.

Soy un asistente especializado en leyes y regulaciones ecuatorianas del Régimen Especial de Galápagos.

Según la información disponible, los turistas que ingresan a Galápagos deben contar con una tarjeta de control de tránsito emitida por el INGALA, pero no se especifica el procedimiento o lugar exacto para el pre-registro.",14379,820,15199,41031
¿Puedo adquirir la Tarjeta de Control de Tránsito con anticipación si viajo como turista?,"Sí, pero solo a través de agencias de viajes autorizadas, con al menos 48 horas de anticipación antes del vuelo y previa validación de documentos por el Consejo de Gobierno de Galápagos.","Según la información disponible, toda persona que ingrese a la provincia de Galápagos como turista debe contar con la tarjeta de control de tránsito emitida por el INGALA.

La tarjeta se obtiene previa presentación del pasaje aéreo o marítimo. Esto sugiere que puedes adquirirla con anticipación una vez tengas tu pasaje confirmado.

Es obligatorio portar esta tarjeta durante toda tu estadía y entregarla al salir de la provincia.",7515,636,8151,32266
¿Qué requisitos debo presentar si viajo como transeúnte?,"Los transeúntes deben presentar identificación personal vigente, pasaje aéreo de ida y regreso en las fechas autorizadas, el Certificado de Transeúnte emitido por el Consejo de Gobierno y cancelar la tasa TCT, salvo casos exentos por auspicio o servicio público.","Para viajar como transeúnte a Galápagos necesitas:

1. **Identificación personal o pasaporte**
2. **Pasaje aéreo o marítimo nacional, personal e intransferible** de ida y regreso entre el continente y Galápagos
3. **Tarjeta de control de tránsito** emitida por el Consejo de Gobierno del Régimen Especial de Galápagos

La tarjeta de control de tránsito es obligatoria para todo turista o transeúnte que ingrese a la provincia. El Comité de Calificación y Control de Residencia establece los requisitos específicos y procedimiento para obtenerla.",4131,540,4671,25570
¿Cuánto tiempo puedo permanecer en Galápagos como transeúnte?,"Los transeúntes pueden permanecer hasta 90 días por año calendario, en una o varias visitas. Este período puede prorrogarse una sola vez para completar las actividades autorizadas.","Como transeúnte en Galápagos, puedes permanecer un máximo de 90 días dentro de un año calendario, ya sea en una o varias visitas.

Este período puede prorrogarse por una sola vez en casos excepcionales, exclusivamente para cumplir las actividades que motivaron tu ingreso a la provincia bajo esta categoría migratoria.",2009,370,2379,14915
¿Puedo adquirir con anticipación la Tarjeta de Control de Tránsito si viajo como transeúnte?,"No, porque el Certificado de Transeúnte se valida según la fecha de ingreso autorizada a la provincia.","Según la información disponible, toda persona que ingrese a la provincia de Galápagos en calidad de turista o transeúnte debe contar con la tarjeta de control de tránsito emitida por el INGALA.

La tarjeta se obtiene al ingresar a Galápagos, y quien la entregue podrá hacerlo únicamente previa la presentación del pasaje aéreo o marítimo.

No tengo información específica sobre si se puede adquirir con anticipación antes del viaje. La normativa indica que se obtiene al ingreso a la provincia, presentando el pasaje correspondiente.",6995,610,7605,29074
¿A quiénes se considera transeúntes?,"Se considera transeúntes a quienes ingresan a Galápagos por hasta 90 días por motivos como trabajo institucional, actividades profesionales, artísticas, deportivas, voluntariado, investigación o atención de emergencias.","Según la normativa, se consideran transeúntes:

1. Toda persona nacional o extranjera que se encuentra de tránsito en la provincia de Galápagos por un lapso no mayor a cierto tiempo.

2. Las personas naturales que se encuentren en Galápagos temporalmente.

3. Quienes tienen el asiento principal de sus actividades en el Ecuador continental o en el extranjero y están de paso por la provincia.

Los transeúntes deben registrarse previamente en los puestos de control migratorio habilitados en los terminales aéreos y marítimos.",23332,1139,24471,57180
¿Qué debo presentar si soy residente permanente?,Los residentes permanentes deben presentar su cédula o pasaporte y el carné de residencia permanente.,"Basándome en la información disponible, te puedo indicar lo siguiente sobre la residencia permanente en Galápagos:

Las solicitudes de calificación de residencia permanente se presentan ante la Secretaría Técnica, por medio de la Unidad Administrativa correspondiente en cada cantón.

El Comité de Calificación y Control de Residencia del Concejo INGALA determina los requisitos específicos de las solicitudes y el procedimiento de calificación.

La credencial de residencia para residentes permanentes tiene una validez de cinco años.

Para casos específicos como cónyuges de residentes permanentes, se requiere que hayan transcurrido por lo menos diez años desde la fecha del matrimonio.

Para conocer los documentos específicos que debes presentar, te recomiendo contactar directamente con la Unidad Administrativa correspondiente en tu cantón, ya que ellos tienen la información actualizada sobre los requisitos específicos requeridos.",6446,630,7076,30351
¿Qué debo presentar si soy residente temporal?,Los residentes temporales deben presentar su cédula o pasaporte y el carné de residencia temporal vigente.,"Basándome en la información disponible, para ser residente temporal en Galápagos debes reunir los requisitos establecidos en la Ley Orgánica de Régimen Especial. 

La residencia temporal se reconoce a personas que cumplan con los requisitos legales y permite permanecer en la provincia por un tiempo fijo, con permiso para trabajar a cambio de remuneración.

Para la solicitud, generalmente se requiere presentar:
- Identificación personal o pasaporte
- Pasaje aéreo o marítimo nacional, personal e intransferible, de ida y regreso entre el continente y Galápagos

Si vas a laborar en Galápagos, debes presentar una copia de tu residencia permanente vigente o, en su defecto, tu residencia temporal auspiciada por la autoridad nominadora.

La autorización de residencia temporal indicará las actividades que realizarás durante tu estadía, el periodo autorizado y la identificación del residente permanente que auspicia tu ingreso.",10071,690,10761,34736
¿Qué actividades pueden realizar los residentes temporales?,Los residentes temporales solo pueden realizar la actividad específica para la que se les otorgó la residencia en la provincia.,"Los residentes temporales en Galápagos pueden realizar únicamente las actividades específicas que motivaron su ingreso a la provincia. 

Están autorizados a trabajar a cambio de una remuneración durante el tiempo fijo de su residencia temporal, pero limitados exclusivamente a las actividades para las cuales se les concedió el permiso de ingreso.",3903,382,4285,19628
¿Puedo obtener un certificado de residencia si tengo mi carné de residente permanente caducado?,"Sí, puede obtener un certificado de residencia presentando su documento de identificación en el aeropuerto.","Según la normativa, la credencial de residencia para residentes permanentes tiene una validez de cinco años.

Cuando la credencial de residencia está caducada, deteriorada o perdida, puede ser canjeada por una nueva mediante un trámite de reposición, a petición expresa del interesado.

Para obtener un nuevo certificado o credencial de residencia con tu carné caducado, debes iniciar el trámite de reposición por caducidad ante la autoridad correspondiente.",6642,403,7045,24149
¿Puedo consultar mi estado migratorio antes de viajar?,"Sí, puede hacerlo enviando su consulta al correo institucional del Consejo de Gobierno de Galápagos, indicando sus datos personales y número de identificación.","No tengo información sobre eso en el documento consultado. Soy un asistente especializado en leyes y regulaciones ecuatorianas del Régimen Especial de Galápagos.

Para ingresar a Galápagos, necesitas:
- Identificación personal o pasaporte
- Pasaje aéreo o marítimo de ida y regreso
- Tarjeta de control de tránsito emitida por el INGALA

Pero sobre consultar tu estado migratorio específicamente antes de viajar, no encuentro información en los documentos disponibles.",10496,791,11287,38530
¿Para qué sirve la Ley Especial de Galápagos en términos prácticos para alguien que viaja o vive allí?,"La LOREG establece el marco general que organiza el régimen especial de la provincia de Galápagos. Regula cómo se planifica el territorio, cómo se protegen los ecosistemas y cómo se equilibran las actividades humanas conservando el patrimonio natural. En la práctica, esto se traduce en controles de ingreso, normas ambientales más estrictas y competencias claras para el Consejo de Gobierno del Régimen Especial, todo con el fin de garantizar un turismo ordenado y una residencia responsable.","La Ley Especial de Galápagos establece regulaciones prácticas importantes para quienes viajan o viven allí:

Para viajeros:
- Debes contar con pasaje aéreo o marítimo de ida y regreso entre el continente y Galápagos
- Los turistas pueden permanecer hasta 60 días improrrogables en el año
- Los transeúntes (personas con actividades en el continente) pueden permanecer máximo 90 días en un año calendario
- Se aplican principios de sostenibilidad, conservación y calidad de servicios turísticos

Para residentes:
- Existen diferentes categorías: residentes permanentes, temporales, turistas y transeúntes
- Los residentes temporales solo pueden realizar las actividades que motivaron su ingreso
- Se implementa un sistema de registro de ingresos, salidas y datos de todas las personas
- La normativa regula el ingreso, salida y permanencia de personas nacionales o extranjeras

El objetivo es conservar el ecosistema único de Galápagos mientras se permite un turismo sostenible y regulado.",9280,767,10047,37515
"Si voy como turista, ¿por qué hay más controles que en otras provincias?","Porque la LOREG define que Galápagos es un régimen especial donde la prioridad es la conservación. Esto habilita controles de ingreso, tasas y regulaciones diferenciadas para asegurar que el flujo de personas y actividades no exceda los límites ambientales.","Los controles más estrictos en Galápagos se deben principalmente a la protección del ecosistema único de las islas. Existe una unidad especializada en bioseguridad y control de introducción de especies exógenas que regula el ingreso de organismos que podrían poner en riesgo la salud humana, el sistema económico y las actividades en la provincia.

Todos los turistas deben portar la tarjeta de control de tránsito emitida por el Consejo de Gobierno del Régimen Especial de Galápagos. Estos controles se realizan en puertos y aeropuertos para prevenir la introducción de especies no nativas que podrían dañar el frágil ecosistema insular.

El sistema de control es obligatorio para todas las personas que ingresen o permanezcan en Galápagos, ya sean residentes o turistas, con el objetivo de preservar el patrimonio natural único de las islas.",6581,613,7194,28305
"¿Quién toma las decisiones generales sobre movilidad, ingreso y desarrollo en la provincia?","El Consejo de Gobierno del Régimen Especial de la provincia de Galápagos es la entidad pública con personalidad jurídica y autonomía técnica que planifica, dicta políticas y coordina a las instituciones del Estado en la provincia. Entre sus atribuciones constan ordenar la movilidad y regular el flujo migratorio y de residencia, conforme lo dispone la LOREG.","Las decisiones generales sobre movilidad, ingreso y desarrollo en la provincia de Galápagos son tomadas por el Pleno del Consejo de Gobierno del Régimen Especial de la provincia de Galápagos.

El Pleno del Consejo de Gobierno expide los lineamientos generales de movilidad en materia de transporte marítimo, fija tasas y contribuciones por ingreso de embarcaciones y movilidad humana, y aprueba el Plan para el Desarrollo Sustentable y Ordenamiento Territorial de Galápagos mediante ordenanza.",4137,570,4707,27625
¿La Ley dice algo sobre la protección de parques y áreas marinas?,"Sí. La LOREG reconoce al Parque Nacional Galápagos y a la Reserva Marina como parte del Sistema Nacional de Áreas Protegidas. Su administración se articula con la autoridad ambiental y se prioriza la conservación, el control de especies invasoras y la regulación de usos.","Sí, la Ley establece disposiciones específicas sobre la protección de parques y áreas marinas en Galápagos.

El Título III está dedicado a las Áreas Naturales Protegidas, con un capítulo específico sobre el Parque Nacional, Reserva Marina y Área Marina de Protección Especial.

La provincia de Galápagos cuenta con el Parque Nacional Galápagos y la Reserva Marina de Galápagos como áreas naturales protegidas. La Reserva Marina se somete a la categoría de Reserva Marina de uso múltiple y administración integrada.

La Dirección del Parque Nacional Galápagos es la unidad administrativa encargada de administrar estas áreas protegidas, ejerciendo jurisdicción sobre el uso, manejo y aprovechamiento de los recursos.

También existe un Área Marina de Protección Especial como parte del régimen de protección del archipiélago.",6725,603,7328,27588
¿Qué significa que Galápagos tenga ‘régimen especial’?,"Significa que, por la fragilidad ambiental y su valor único, la provincia se rige por una ley orgánica especial (LOREG) que ajusta competencias, prioriza la conservación y permite medidas diferenciadas en movilidad humana, tributación para conservación y planificación territorial.","Que Galápagos tenga ""régimen especial"" significa que tiene una forma de gobierno y administración particular diferente al resto del país. Esto se establece en el artículo 258 de la Constitución.

El Régimen Especial de la Provincia de Galápagos implica que su territorio es administrado por un Consejo de Gobierno, que es el ente encargado de la planificación, manejo de recursos, organización de actividades y coordinación interinstitucional en la provincia.

Este régimen especial se crea para la conservación y desarrollo sustentable de Galápagos, atendiendo a sus particularidades ambientales únicas. Incluye políticas especiales y mecanismos de control específicos para proteger sus ecosistemas.",4064,529,4593,21168
¿La Ley contempla tasas o pagos relacionados con conservación y acceso?,"La LOREG faculta al Consejo de Gobierno a fijar tasas y contribuciones por conservación de áreas naturales, ingreso, movilidad y servicios. Estos recursos deben destinarse a fines de conservación, saneamiento y gestión ambiental, además de servicios a la población.","Sí, la Ley contempla tasas y pagos relacionados con conservación y acceso.

El Pleno del Consejo de Gobierno del Régimen Especial de Galápagos fija tasas y contribuciones por conservación de áreas naturales protegidas, ingreso de embarcaciones y movilidad humana.

Para la fijación de estas tasas se consideran criterios como:
1. Tiempo de permanencia
2. Edad (franja etaria)
3. Condición de discapacidad
4. Modelo turístico
5. Nacionalidad o residencia legal en el país

Al menos el 50% del valor recaudado por concepto de la tasa por ingreso y conservación de áreas naturales protegidas debe destinarse a la conservación y protección de las mismas.

Los recursos provenientes de estos tributos son recaudados por la Autoridad Ambiental Nacional y deben destinarse principalmente a gastos no permanentes y conservación.",6922,727,7649,33008
¿Quién controla que las embarcaciones cumplan las normas dentro de la Reserva Marina?,"La LOREG prevé un sistema de monitoreo de embarcaciones articulado con la autoridad marítima y de defensa para controlar el tráfico y asegurar el uso sostenible, además de registros obligatorios para naves que navegan con frecuencia en la Reserva Marina.","El control del cumplimiento de las normas por parte de las embarcaciones dentro de la Reserva Marina de Galápagos corresponde a la **Autoridad Ambiental Nacional**, específicamente a través de su **unidad administrativa desconcentrada a cargo de las Áreas Naturales Protegidas de Galápagos**.

Esta unidad tiene la facultad para sancionar las infracciones relacionadas con el incumplimiento de la normativa emitida por la Autoridad Ambiental Nacional dentro de la Reserva Marina.",4085,523,4608,24718
¿Hay límites sobre qué se puede hacer en zonas protegidas?,Sí. La Ley ordena restringir actividades que puedan conducir a extinción de especies o destrucción de ecosistemas. Toda autorización de uso debe alinearse con los planes de manejo y los principios de precaución y restauración.,"Sí, existen límites estrictos sobre las actividades permitidas en las zonas protegidas de Galápagos.

Las actividades deben realizarse de conformidad con el Sistema Nacional de Áreas Protegidas y el Plan para el Desarrollo Sustentable y Ordenamiento Territorial de Galápagos.

Están prohibidas actividades como:
- La recolección, movilización o transportación no autorizada de organismos autóctonos endémicos, vulnerables o especies amenazadas
- La captura o comercialización de especies en veda o cuya pesca esté prohibida en la Reserva Marina de Galápagos
- El uso de artes de pesca no permitidos en la Reserva Marina
- El ingreso no autorizado a áreas naturales protegidas con fines científicos, investigativos o culturales
- Arrojar desperdicios u objetos contaminantes que deterioren el ecosistema
- Realizar alteraciones como trochas y senderos
- La invasión del patrimonio con ánimo de ocupación

Las actividades turísticas requieren autorización de la Dirección del Parque Nacional Galápagos y deben seguir el sistema de zonificación establecido en los planes de manejo.",6870,765,7635,32665
¿Por qué a veces cambian los procedimientos o tasas en Galápagos?,"Porque la LOREG permite que el Consejo de Gobierno expida ordenanzas y actualice lineamientos e instrumentos de planificación y control de acuerdo con evaluaciones ambientales, planes de manejo y necesidades de conservación.","Basándome en la información disponible, los procedimientos y tasas en Galápagos pueden cambiar porque:

El Pleno del Consejo de Gobierno del Régimen Especial de Galápagos es el órgano encargado de fijar las tasas y contribuciones por conservación de áreas naturales protegidas, ingreso de embarcaciones y movilidad humana.

Estas tasas son revisadas periódicamente, previo informe de la Secretaría Técnica. Para la fijación de tasas, el Consejo de Gobierno considera criterios como:
- Tiempo de permanencia
- Edad (franja etaria)
- Condición de discapacidad
- Modelo turístico

Los cambios se realizan mediante actualizaciones normativas que se publican en el Registro Oficial y entran en vigencia a partir de su publicación.",4007,430,4437,20910
¿La ciudadanía puede participar en decisiones del régimen especial?,"La LOREG incorpora la participación ciudadana como principio. Se promueve la transparencia, rendición de cuentas y comisiones consultivas, especialmente en el manejo de áreas protegidas y la planificación.","Sí, la ciudadanía puede participar en las decisiones del régimen especial. Los ciudadanos, en forma individual y colectiva, participarán de manera protagónica en la toma de decisiones, planificación y gestión del Régimen Especial de Gobierno de Galápagos, de acuerdo con la Constitución y la ley.

Además, se garantiza la participación ciudadana y el control social en los términos previstos en la Constitución y la ley, asegurando la transparencia y rendición de cuentas del Consejo de Gobierno.",6649,641,7290,30406
¿Cómo equilibra la Ley el turismo con la conservación?,"La LOREG define finalidades claras: conservar ecosistemas, garantizar acceso preferente a residentes permanentes y promover un desarrollo sostenible. El turismo debe ajustarse a límites ambientales, a planes de manejo y a la regulación de ingreso y permanencia.","La Ley establece que el turismo en Galápagos se basa en principios de sostenibilidad, límites ambientales y conservación. 

Busca el equilibrio entre el Estado, la sociedad y la economía, involucrando tres elementos consustanciales de manejo.

El turismo sostenible en la provincia se fundamenta en el fortalecimiento de la conservación del patrimonio natural y el Buen Vivir, atendiendo a las repercusiones sobre la integridad ecológica de los ecosistemas y la biodiversidad.

Las acciones públicas y privadas en las áreas naturales protegidas buscan la sostenibilidad y el equilibrio, garantizando un desarrollo equitativo e intercultural dentro de los límites ambientales de las islas.",8004,739,8743,34394
¿Qué pasa con la entrada de especies no nativas?,"La Ley ordena coordinar con la autoridad de bioseguridad para prevenir, detectar y erradicar especies invasoras, con planes específicos y vigilancia permanente.","La entrada de especies no nativas a Galápagos está estrictamente controlada y regulada.

Según el Artículo 85, la Autoridad Ambiental Nacional, a través de la Agencia de Bioseguridad para Galápagos, controlará e impedirá el ingreso de nuevas especies a la provincia.

La introducción por cualquier medio de especies exógenas a las islas sin autorización de la unidad administrativa desconcentrada a cargo de la bioseguridad y control de introducción de especies exógenas está prohibida.

Esta unidad controla y regula la introducción, movimiento y dispersión de organismos exóticos que puedan poner en riesgo la salud humana, el sistema económico y las actividades agropecuarias de la provincia.

La competencia para sancionar estas infracciones le corresponde a la unidad administrativa desconcentrada a cargo de la bioseguridad y control de introducción de especies exógenas.",3961,424,4385,20155
¿Existen reglas para el ingreso de vehículos a las islas?,"Sí. El Consejo de Gobierno regula el procedimiento de ingreso de vehículos y maquinaria, por su impacto ambiental y urbano, conforme faculta la LOREG.","Sí, existen reglas específicas para el ingreso de vehículos a Galápagos.

El ingreso de vehículos motorizados a combustión interna a la provincia de Galápagos requiere autorización de la Secretaría Técnica del Consejo de Gobierno del Régimen Especial de la provincia de Galápagos.

Todo medio de transporte que se movilice hacia la provincia de Galápagos debe cumplir con los requisitos y procedimientos establecidos en el Reglamento Especial, según la actividad que vayan a realizar.",6696,649,7345,34860
¿Puedo entrar con mascotas?,"El ingreso de animales está sujeto a controles de bioseguridad estrictos. Aunque el detalle técnico no está en el Reglamento de Residencia, en Galápagos rigen normas de bioseguridad coordinadas con la autoridad competente.","Según la normativa, el ingreso a la provincia de Galápagos de animales domésticos requiere autorización emitida por el Directorio de la entidad técnica responsable de la regulación y control de la bioseguridad.

No se puede ingresar animales domésticos o silvestres que no cuenten con dicha autorización.",9961,771,10732,40930
¿Qué es la ‘situación irregular’?,Es la permanencia o actividad contraria a tu categoría o más allá del tiempo permitido. El Reglamento prevé sanciones y salida de la provincia cuando corresponde.,"La ""situación irregular"" se refiere a cuando una persona permanece en la provincia de Galápagos sin contar con alguna de las categorías de residencia establecidas en el Reglamento Especial.

Según el Artículo 48, toda persona que permanezca irregularmente en Galápagos, es decir, sin tener una categoría migratoria válida, será notificada para abandonar la provincia en 48 horas. Si no justifica su condición, se procederá a su expulsión.

Las personas en situación irregular tienen 90 días para regularizar su situación luego de la entrada en vigencia del reglamento. Quienes no abandonen la provincia serán obligados a hacerlo con apoyo de la fuerza pública.",6462,498,6960,29343
¿El Reglamento habla de cupos o límites por vuelo?,"Establece el principio de control del flujo y la verificación de requisitos, pero los cupos específicos se articulan con las autoridades competentes y la planificación turística vigente.","Sí, el Reglamento establece cupos específicos para vuelos. 

Las aerolíneas autorizadas deben reservar al menos veinte espacios o asientos para los residentes temporales o permanentes en cada vuelo.

Si hay espacios disponibles después de agotar los cupos para residentes, se aplicará la misma tarifa preferencial a esos asientos adicionales.

El Consejo de Gobierno vigila el cumplimiento de estas disposiciones sobre reserva de espacios para residentes en los vuelos.",3939,461,4400,22449
¿Puedo estudiar como turista por más de 60 días?,No bajo esa categoría. Para actividades académicas extendidas necesitas una categoría de residencia u otro estatus compatible.,"Según la normativa, los turistas pueden permanecer en la provincia de Galápagos hasta por un máximo de sesenta días improrrogables en el año, contados a partir de la fecha de su primer ingreso.

No es posible estudiar como turista por más de 60 días, ya que este plazo es improrrogable para la categoría de turista. Si necesitas permanecer más tiempo para estudios, deberías explorar otras categorías migratorias que permitan estadías más largas.",6454,527,6981,25395
¿Cómo demuestro que aún tengo días disponibles?,Con tu historial de ingresos del año calendario; las autoridades verifican entradas previas al emitir la TCT y permitir tu viaje.,"Basándome en la información disponible, para demostrar los días disponibles se debe:

1. **Registrar en el sistema de control de asistencia** - El sistema institucional lleva el control de la asistencia y permisos.

2. **Solicitar un informe** - Se elabora un informe con los días disponibles para la concesión de vacaciones, especialmente cuando se ha laborado en comisión de servicios.

3. **Presentar justificativos** - Para las autorizaciones correspondientes, se deben presentar los documentos justificativos.

La información sobre días disponibles se gestiona a través del sistema de control de asistencia institucional y mediante informes específicos que se elaboran para determinar los días disponibles para vacaciones.",4113,525,4638,23805
¿Qué diferencia hay entre turista y transeúnte?,"El turista visita con fines recreativos hasta 60 días al año; el transeúnte puede permanecer hasta 90 días por causas específicas (laborales puntuales, voluntariado, emergencias, entre otras) y con certificación correspondiente.","Según la normativa de Galápagos:

**Transeúnte**: Es toda persona nacional o extranjera que se encuentra de tránsito en la provincia de Galápagos por un lapso no mayor a 90 días dentro de un año calendario, ya sea en una o varias visitas.

**Turista**: Es toda persona nacional o extranjera que ingresa a la provincia de Galápagos únicamente con el objeto de visitar sus áreas naturales y atractivos turísticos.

La diferencia principal es el propósito: el transeúnte está de tránsito, mientras que el turista viene específicamente para visitar las áreas naturales. Ambos requieren la tarjeta de control de tránsito y tienen condiciones migratorias temporales.",6479,622,7101,28712
"Si reservo un hotel, ¿qué controles existen para asegurar buenas prácticas en Galápagos?","El Reglamento de Alojamiento Turístico establece obligaciones para los establecimientos, alineadas con el régimen especial: cumplir permisos, respetar capacidad autorizada, gestionar residuos y operar conforme a buenas prácticas ambientales y turísticas.","Los hoteles en Galápagos deben cumplir con el Plan de Regulación Hotelera aprobado por el Consejo de Gobierno del Régimen Especial de Galápagos.

También deben seguir los parámetros de calidad determinados por la Autoridad Nacional de Turismo y cumplir con el Plan de Ordenamiento de la Oferta de Alojamiento Turístico para Galápagos (POOAT).

La Secretaría Técnica del Consejo de Gobierno define procedimientos para controles integrales o aleatorios, asegurando que los establecimientos cumplan con las regulaciones de sostenibilidad y calidad turística.",3787,446,4233,21045
¿Se exige a los alojamientos registrar a los huéspedes?,Sí. El reglamento exige mantener registros de huéspedes y colaborar con controles de movilidad. Esto ayuda a verificar permanencias y a preservar la trazabilidad del flujo turístico.,"Sí, los establecimientos de alojamiento turístico en Galápagos deben exigir información a los huéspedes, incluyendo la presentación de documentos de identidad de todas las personas que ingresen al establecimiento.

Los huéspedes tienen la obligación de entregar la información requerida por el establecimiento previo al ingreso (check in), incluyendo la presentación de documentos de identidad de todas las personas que ingresan.

La información sobre el perfil del huésped debe incluir al menos nombre, edad, nacionalidad, género, número de identificación, tiempo de estadía y otros datos que se determinen.",3884,425,4309,20737
¿Quién supervisa a los alojamientos?,La autoridad competente en turismo coordina con el Consejo de Gobierno y la autoridad ambiental para inspecciones y verificación del cumplimiento de permisos y normas de operación.,"La supervisión de los alojamientos turísticos en Galápagos está a cargo de la Autoridad Nacional de Turismo o de los Gobiernos Autónomos Descentralizados a quienes se les haya transferido las competencias.

Los establecimientos de alojamiento turístico deben cumplir con lo dispuesto en el Plan de Regulación Hotelera aprobado por el Pleno del Consejo de Gobierno del Régimen Especial de Galápagos.

Además, deben cumplir con los parámetros de calidad determinados por la Autoridad Nacional de Turismo en la normativa correspondiente.",6417,580,6997,27802
¿Los alojamientos pueden operar en cualquier lugar?,"No. Deben ubicarse y operar conforme a la normativa local, planes de ordenamiento y criterios ambientales del régimen especial. Esto evita presiones indebidas sobre zonas sensibles.","No, los alojamientos no pueden operar en cualquier lugar. Existen restricciones específicas:

Se prohíbe la construcción de nueva infraestructura de alojamiento turístico o la ampliación de la infraestructura existente que no cumpla con lo dispuesto en el Plan de Regulación Hotelera aprobado por el Consejo de Gobierno del Régimen Especial de Galápagos.

Las edificaciones destinadas a alojamiento turístico deben estar en concordancia con los planes de ordenamiento territorial y zonificación local.

Los establecimientos de alojamiento turístico deben cumplir con lo dispuesto en el Plan de Regulación Hotelera aprobado por el Pleno del Consejo de Gobierno del Régimen Especial de Galápagos.",6337,554,6891,29107
¿Los hoteles tienen obligaciones ambientales específicas?,"Sí. El reglamento incorpora medidas como gestión adecuada de desechos, uso eficiente del agua y energía, y cumplimiento de restricciones que protegen la fauna y flora locales.","Sí, los hoteles en Galápagos tienen obligaciones ambientales específicas. 

Los establecimientos de alojamiento turístico deben cumplir con lo dispuesto en el Plan de Regulación Hotelera aprobado por el Pleno del Consejo de Gobierno del Régimen Especial de Galápagos.

También deben cumplir con los parámetros de calidad determinados por la Autoridad Nacional de Turismo y están sujetos a responsabilidad objetiva por daños ambientales.

La regulación se basa en principios de sostenibilidad, límites ambientales y conservación, aplicándose específicamente a la provincia de Galápagos.",6631,572,7203,28599
¿Cómo se define el ‘desarrollo sostenible’ en la práctica?,"Implica actividades económicas compatibles con la resiliencia de los ecosistemas, priorizando conservación, gestión de residuos, bioseguridad y energía limpia, bajo la guía de la LOREG y las ordenanzas.","En la práctica, el desarrollo sostenible en Galápagos se define como un equilibrio entre tres elementos esenciales: desarrollo social, conservación de la naturaleza y desarrollo económico.

Se basa en principios como el precautelatorio (cuando hay peligro de daño grave o irreversible), límites ambientales, conservación, seguridad y calidad de servicios. Busca la sostenibilidad y equilibrio entre el Estado, la sociedad y la economía.

El desarrollo sostenible de la provincia se rige según sus límites ambientales y resiliencia, garantizando un desarrollo equitativo, intercultural y plurinacional. Se implementa a través del Plan para el Desarrollo Sustentable y Ordenamiento Territorial de Galápagos.",6682,569,7251,26437
¿La LOREG establece quiénes integran el Consejo de Gobierno?,"Sí. Señala una integración con representantes del Ejecutivo, ministerios clave y gobiernos locales, asegurando coordinación interinstitucional para el régimen especial.","Sí, la LOREG establece quiénes integran el Consejo de Gobierno.

Según el Artículo 9, el Pleno del Consejo de Gobierno del Régimen Especial de la provincia de Galápagos es el organismo colegiado del Consejo de Gobierno, conformado por los representantes de la Función Ejecutiva y de los Gobiernos Autónomos Descentralizados de la provincia de Galápagos.

El Artículo 10 específicamente regula la ""Integración y funcionamiento del Pleno"", aunque el texto completo no está disponible en el contexto recuperado. Sin embargo, se confirma que el Consejo de Gobierno está conformado por representantes tanto del gobierno central (Función Ejecutiva) como de los gobiernos locales de Galápagos.",6859,595,7454,30164
¿Por qué algunos trámites requieren validación adicional en Galápagos?,"Porque el régimen especial exige verificar compatibilidad ambiental, capacidad de carga y planes de manejo. La LOREG respalda estos controles diferenciados.","Los trámites en Galápagos requieren validación adicional debido al **Régimen Especial** que rige la provincia. Según la normativa:

1. **Control de tránsito obligatorio**: Todas las personas (residentes permanentes, temporales, turistas o transeúntes) que ingresen o permanezcan en Galápagos deben obtener la tarjeta de control de tránsito emitida por el Consejo de Gobierno de Régimen Especial.

2. **Requisitos específicos**: Para cualquier trámite se exige:
- Identificación personal o pasaporte
- Pasaje aéreo o marítimo nacional, personal e intransferible, de ida y regreso entre el continente y Galápagos

3. **Protección ambiental**: La validación adicional es obligatoria previo al otorgamiento de cualquier derecho, según la Ley Orgánica de Régimen Especial para la Conservación y Desarrollo Sustentable de Galápagos.

Estas medidas buscan controlar el flujo migratorio y proteger el frágil ecosistema de las islas, aplicando procedimientos especiales distintos al resto del país.",6170,576,6746,30104
¿La Ley prevé educación y cultura ambiental?,"Sí. El Consejo coordina con entidades competentes para fomentar educación, cultura y deporte acordes con el régimen ambiental especial y planes provinciales.","Sí, la Ley prevé educación y cultura ambiental. Según la normativa del Régimen Especial de Galápagos, el Consejo de Gobierno debe coordinar con las entidades competentes el fomento de la educación y la cultura que sean correspondientes a las características del régimen ambiental especial de la provincia de Galápagos.

Esta coordinación se realiza a través de la unidad administrativa desconcentrada a cargo de la Autoridad Ambiental Nacional, en cumplimiento de la Ley Orgánica de Régimen Especial para la Conservación y Desarrollo Sustentable de la Provincia de Galápagos.",6700,510,7210,26947
"Si planeo mudarme, ¿la LOREG me afecta?","Sí. La LOREG ampara el control de residencia y movilidad: deberás acogerte a las categorías migratorias, cumplir requisitos y respetar límites de permanencia.","Sí, la LOREG (Ley Orgánica de Régimen Especial de la provincia de Galápagos) te afecta si planeas mudarte a Galápagos. La ley establece un régimen especial de migración y residencia para la provincia.

Según la normativa, existen diferentes categorías migratorias y de residencia. Para mudarte a Galápagos, necesitas cumplir con los requisitos establecidos en la ley y obtener la calificación correspondiente como residente temporal o permanente.

El control de migración y residencia está regulado por el Consejo de Gobierno del Régimen Especial de Galápagos, y existen procedimientos específicos que debes seguir para establecer tu residencia legalmente en la provincia.",6557,655,7212,31272
¿Quién coordina el ordenamiento territorial?,"El Consejo de Gobierno planifica y dicta políticas para el ordenamiento territorial, alineando usos de suelo, infraestructura y conservación según los planes aprobados.","Según la normativa del Régimen Especial de Galápagos, el ordenamiento territorial se coordina de la siguiente manera:

El Plan para el Desarrollo Sustentable y Ordenamiento Territorial de Galápagos es el instrumento de planificación que tiene por objeto ordenar, compatibilizar y armonizar las decisiones.

La coordinación se realiza entre diferentes niveles de gobierno:
- Los gobiernos municipales y parroquiales rurales de la provincia elaboran sus propios planes de desarrollo y ordenamiento territorial
- Existe coordinación con los gobiernos autónomos descentralizados
- Se emiten lineamientos generales y estándares para el ejercicio de la competencia de uso y gestión del suelo en la provincia

El Plan para el Desarrollo Sustentable y Ordenamiento Territorial de la Provincia de Galápagos también coordina con las instituciones públicas que realizan actividades en la Reserva Marina de la provincia.",10647,802,11449,42630
¿Puedo acampar libremente?,El reglamento y las normas del Parque Nacional restringen campamentos fuera de áreas autorizadas. Siempre consulta requisitos y permisos específicos.,"Basándome en la normativa del Régimen Especial de Galápagos, el acampar libremente en las áreas naturales protegidas de la provincia **no está permitido**.

La Dirección del Parque Nacional Galápagos es la autoridad que debe autorizar los usos de los sitios de visita. Para realizar actividades turísticas en estas áreas protegidas, se requiere autorización previa.

Existen sanciones específicas para quienes realicen actividades no autorizadas en las áreas naturales protegidas, incluyendo multas considerables.

Si deseas acampar en Galápagos, debes obtener la autorización correspondiente de la Dirección del Parque Nacional Galápagos y seguir los procedimientos establecidos en la normativa turística vigente.",2490,447,2937,32397
¿Cómo sé si un alojamiento es regular?,Verifica que publicite su registro o licencia y que cumpla controles de TCT/identificación. Las autoridades realizan inspecciones y los establecimientos deben cooperar.,"Para determinar si un alojamiento es regular en Galápagos, debe cumplir con los requisitos establecidos en el Reglamento de Alojamiento Turístico de la Provincia de Galápagos.

Un alojamiento regular debe cumplir con:
1. Los requisitos obligatorios establecidos en el reglamento
2. Los requisitos de categorización correspondientes
3. Un puntaje mínimo establecido

Existen diferentes tipos de establecimientos regulares:
- Hotel (Anexo 1)
- Hostal (Anexo 2) 
- Lodge (Anexo 3)
- Campamento Turístico (Anexo 4)
- Casa de Huéspedes (Anexo 5)

Cada tipo tiene requisitos específicos. Por ejemplo, una Casa de Huéspedes debe tener capacidad mínima de 2 y máxima de 4 habitaciones destinadas al alojamiento de turistas.

Los establecimientos deben contar con autorización para construcción y adecuación, y cumplir con las condiciones establecidas en el Plan de Ordenamiento de la Oferta de Alojamiento Turístico para Galápagos (POOAT).",2615,541,3156,37788
¿Los alojamientos pueden almacenar especies o recuerdos prohibidos?,No. Deben cumplir reglas de bioseguridad y conservación. El reglamento prohíbe prácticas que favorezcan comercio o traslado de especies protegidas o exóticas.,"Basándome en la normativa consultada, los establecimientos de alojamiento turístico en Galápagos tienen prohibido almacenar o manipular especies protegidas.

La normativa establece específicamente que está prohibida ""la recolección, movilización o transportación no autorizada, fuera de las islas, de organismos autóctonos, endémicos, vulnerables o en peligro de extinción, según las listas establecidas en la legislación interna"".

Esto incluye tanto especies vivas como cualquier material que pueda contener o propagar organismos exógenos para la provincia de Galápagos. Los alojamientos deben evitar cualquier objeto o material capaz de albergar o propagar plagas o microorganismos para disminuir los riesgos de introducción, movimiento y dispersión de especies no nativas.

Por lo tanto, los recuerdos o especies prohibidas no pueden ser almacenados en establecimientos de alojamiento turístico en Galápagos.",2533,482,3015,35886
