Dimension,Metric,n8n,lan
Token Consumption,Prompt tokens (avg.),6451.76,865.92
Token Consumption,Completion tokens (avg.),594.56,119.48
Token Consumption,Total tokens (avg.),7046.32,985.4
Token Consumption,Economic Efficiency (Correctness/USD),3691.6417,22120.9541
Token Consumption,Token Efficiency (tok/pt),2443.4883,329.446
Latency,Execution time (ms),29510.28,8309.4336
Response Quality,RAGking Overall Score,49.4398,62.86
Response Quality,Std. Dev. (RAGking Score),8.5099,11.7699
Response Quality,Avg. correctness score,3.32,3.4
Response Quality,Cosine similarity (avg.),0.6299,0.6383
Response Quality,Failure rate,6.0,0.0
Response Quality,Level 1 responses,4.0,3.0
Response Quality,Level 2 responses,2.0,3.0
Response Quality,Level 3 responses,18.0,17.0
Response Quality,Level 4 responses,26.0,25.0
Response Quality,Level 5 responses,0.0,2.0
Deployment,Deploy Time (hours),3.0,6.0
Deployment,Difficulty (1-5),2.0,3.0
Deployment,Maintenance (h/week),8.0,1.0
